"","PFS_site","PFS_score","z_PFS_score","PFS_activity","handle_activity"
"AAAAA","AAAAA",8,0.527982102258116,"Yes",0.527982102258116
"GAAAA","GAAAA",12.9960383416998,0.868345821821058,"Yes",0.868345821821058
"CAAAA","CAAAA",14.9285278645889,1,"Yes",1
"UAAAA","UAAAA",14.9285278645889,1,"Yes",1
"AGAAA","AGAAA",3.4822022531845,0.220199347169003,"Yes",0.220199347169003
"GGAAA","GGAAA",5.65685424949238,0.368351261064544,"No",0
"CGAAA","CGAAA",6.49801917084988,0.425657070551527,"Yes",0.425657070551527
"UGAAA","UGAAA",6.49801917084988,0.425657070551527,"Yes",0.425657070551527
"ACAAA","ACAAA",3.24900958542494,0.204312694916762,"Yes",0.204312694916762
"GCAAA","GCAAA",5.27803164309158,0.342543318340622,"Yes",0.342543318340622
"CCAAA","CCAAA",6.06286626604159,0.3960115291987,"Yes",0.3960115291987
"UCAAA","UCAAA",6.06286626604159,0.3960115291987,"No",0
"AUAAA","AUAAA",3.0314331330208,0.189489924240348,"No",0
"GUAAA","GUAAA",4.92457765337966,0.318463656335511,"Yes",0.318463656335511
"CUAAA","CUAAA",5.65685424949238,0.368351261064544,"Yes",0.368351261064544
"UUAAA","UUAAA",5.65685424949238,0.368351261064544,"Yes",0.368351261064544
"AAGAA","AAGAA",2.29739670999407,0.139482428270841,"Yes",0.139482428270841
"GAGAA","GAGAA",3.73213196614723,0.237226239461497,"No",0
"CAGAA","CAGAA",4.28709385014517,0.275033973937156,"No",0
"UAGAA","UAGAA",4.28709385014517,0.275033973937156,"No",0
"AGGAA","AGGAA",1,0.0510950421540113,"No",0
"GGGAA","GGGAA",1.62450479271247,0.093640507099379,"No",0
"CGGAA","CGGAA",1.86606598307362,0.110097279371747,"No",0
"UGGAA","UGGAA",1.86606598307362,0.110097279371747,"No",0
"ACGAA","ACGAA",0.933032991536808,0.0465327993268715,"No",0
"GCGAA","GCGAA",1.5157165665104,0.0862291217611723,"No",0
"CCGAA","CCGAA",1.74110112659225,0.1015838332255,"No",0
"UCGAA","UCGAA",1.74110112659225,0.1015838332255,"Yes",0.1015838332255
"AUGAA","AUGAA",0.870550563296124,0.0422760762537479,"No",0
"GUGAA","GUGAA",1.41421356237309,0.0793140547276332,"No",0
"CUGAA","CUGAA",1.62450479271247,0.093640507099379,"No",0
"UUGAA","UUGAA",1.62450479271247,0.093640507099379,"No",0
"AACAA","AACAA",1.5157165665104,0.0862291217611723,"No",0
"GACAA","GACAA",2.46228882668983,0.150715987808754,"Yes",0.150715987808754
"CACAA","CACAA",2.82842712474619,0.17565979017327,"No",0
"UACAA","UACAA",2.82842712474619,0.17565979017327,"Yes",0.17565979017327
"AGCAA","AGCAA",0.659753955386447,0.0279151941643245,"No",0
"GGCAA","GGCAA",1.07177346253629,0.0559847329457863,"No",0
"CGCAA","CGCAA",1.23114441334492,0.0668421535453749,"No",0
"UGCAA","UGCAA",1.23114441334492,0.0668421535453749,"No",0
"ACCAA","ACCAA",0.615572206672458,0.0249052364136856,"No",0
"GCCAA","GCCAA",1,0.0510950421540113,"No",0
"CCCAA","CCCAA",1.14869835499704,0.0612253737764188,"No",0
"UCCAA","UCCAA",1.14869835499704,0.0612253737764188,"No",0
"AUCAA","AUCAA",0.574349177498517,0.0220968465292075,"No",0
"GUCAA","GUCAA",0.933032991536807,0.0465327993268715,"No",0
"CUCAA","CUCAA",1.07177346253629,0.0559847329457863,"No",0
"UUCAA","UUCAA",1.07177346253629,0.0559847329457863,"No",0
"AAUAA","AAUAA",1.74110112659225,0.1015838332255,"No",0
"GAUAA","GAUAA",2.82842712474619,0.17565979017327,"Yes",0.17565979017327
"CAUAA","CAUAA",3.24900958542494,0.204312694916762,"Yes",0.204312694916762
"UAUAA","UAUAA",3.24900958542494,0.204312694916762,"Yes",0.204312694916762
"AGUAA","AGUAA",0.757858283255199,0.0345987205215843,"No",0
"GGUAA","GGUAA",1.23114441334492,0.0668421535453749,"No",0
"CGUAA","CGUAA",1.4142135623731,0.0793140547276332,"No",0
"UGUAA","UGUAA",1.4142135623731,0.0793140547276332,"No",0
"ACUAA","ACUAA",0.707106781186548,0.0311411870048147,"No",0
"GCUAA","GCUAA",1.14869835499704,0.0612253737764188,"No",0
"CCUAA","CCUAA",1.31950791077289,0.0728620690466528,"No",0
"UCUAA","UCUAA",1.31950791077289,0.0728620690466528,"No",0
"AUUAA","AUUAA",0.659753955386447,0.0279151941643245,"No",0
"GUUAA","GUUAA",1.07177346253629,0.0559847329457863,"No",0
"CUUAA","CUUAA",1.23114441334492,0.0668421535453749,"No",0
"UUUAA","UUUAA",1.23114441334492,0.0668421535453749,"No",0
"AAAGA","AAAGA",3.73213196614723,0.237226239461497,"Yes",0.237226239461497
"GAAGA","GAAGA",6.06286626604159,0.3960115291987,"Yes",0.3960115291987
"CAAGA","CAAGA",6.96440450636899,0.457430375056009,"Yes",0.457430375056009
"UAAGA","UAAGA",6.96440450636899,0.457430375056009,"Yes",0.457430375056009
"AGAGA","AGAGA",1.62450479271247,0.093640507099379,"No",0
"GGAGA","GGAGA",2.63901582154579,0.162755818811309,"Yes",0.162755818811309
"CGAGA","CGAGA",3.0314331330208,0.189489924240348,"Yes",0.189489924240348
"UGAGA","UGAGA",3.0314331330208,0.189489924240348,"Yes",0.189489924240348
"ACAGA","ACAGA",1.5157165665104,0.0862291217611723,"No",0
"GCAGA","GCAGA",2.46228882668983,0.150715987808754,"No",0
"CCAGA","CCAGA",2.82842712474619,0.17565979017327,"No",0
"UCAGA","UCAGA",2.82842712474619,0.17565979017327,"No",0
"AUAGA","AUAGA",1.41421356237309,0.0793140547276332,"No",0
"GUAGA","GUAGA",2.29739670999407,0.139482428270841,"No",0
"CUAGA","CUAGA",2.63901582154579,0.162755818811309,"Yes",0.162755818811309
"UUAGA","UUAGA",2.63901582154579,0.162755818811309,"Yes",0.162755818811309
"AAGGA","AAGGA",1.07177346253629,0.0559847329457863,"No",0
"GAGGA","GAGGA",1.74110112659225,0.1015838332255,"No",0
"CAGGA","CAGGA",2,0.119221765026026,"No",0
"UAGGA","UAGGA",2,0.119221765026026,"No",0
"AGGGA","AGGGA",0.466516495768404,0.0147505593044339,"No",0
"GGGGA","GGGGA",0.757858283255199,0.0345987205215843,"No",0
"CGGGA","CGGGA",0.870550563296124,0.0422760762537479,"No",0
"UGGGA","UGGGA",0.870550563296124,0.0422760762537479,"No",0
"ACGGA","ACGGA",0.435275281648062,0.0126221977678721,"No",0
"GCGGA","GCGGA",0.707106781186548,0.0311411870048147,"No",0
"CCGGA","CCGGA",0.812252396356236,0.0383044131906876,"No",0
"UCGGA","UCGGA",0.812252396356236,0.0383044131906876,"No",0
"AUGGA","AUGGA",0.406126198178118,0.0106363662363419,"No",0
"GUGGA","GUGGA",0.659753955386447,0.0279151941643245,"No",0
"CUGGA","CUGGA",0.757858283255199,0.0345987205215843,"No",0
"UUGGA","UUGGA",0.757858283255199,0.0345987205215843,"No",0
"AACGA","AACGA",0.707106781186547,0.0311411870048147,"No",0
"GACGA","GACGA",1.14869835499703,0.0612253737764188,"No",0
"CACGA","CACGA",1.31950791077289,0.0728620690466528,"No",0
"UACGA","UACGA",1.31950791077289,0.0728620690466528,"No",0
"AGCGA","AGCGA",0.307786103336229,0.0039367778478409,"No",0
"GGCGA","GGCGA",0.5,0.0170316807180038,"No",0
"CGCGA","CGCGA",0.574349177498518,0.0220968465292075,"No",0
"UGCGA","UGCGA",0.574349177498518,0.0220968465292075,"No",0
"ACCGA","ACCGA",0.287174588749259,0.00253258290560188,"No",0
"GCCGA","GCCGA",0.466516495768404,0.0147505593044339,"No",0
"CCCGA","CCCGA",0.535886731268147,0.0194765261138913,"No",0
"UCCGA","UCCGA",0.535886731268147,0.0194765261138913,"No",0
"AUCGA","AUCGA",0.267943365634073,0.00122242269794375,"No",0
"GUCGA","GUCGA",0.435275281648062,0.0126221977678721,"No",0
"CUCGA","CUCGA",0.5,0.0170316807180038,"No",0
"UUCGA","UUCGA",0.5,0.0170316807180038,"No",0
"AAUGA","AAUGA",0.812252396356235,0.0383044131906876,"No",0
"GAUGA","GAUGA",1.31950791077289,0.0728620690466528,"No",0
"CAUGA","CAUGA",1.5157165665104,0.0862291217611723,"No",0
"UAUGA","UAUGA",1.5157165665104,0.0862291217611723,"No",0
"AGUGA","AGUGA",0.353553390593274,0.00705475314340549,"No",0
"GGUGA","GGUGA",0.574349177498517,0.0220968465292075,"No",0
"CGUGA","CGUGA",0.659753955386447,0.0279151941643245,"No",0
"UGUGA","UGUGA",0.659753955386447,0.0279151941643245,"No",0
"ACUGA","ACUGA",0.329876977693224,0.00544175672316037,"No",0
"GCUGA","GCUGA",0.535886731268147,0.0194765261138913,"No",0
"CCUGA","CCUGA",0.615572206672458,0.0249052364136856,"No",0
"UCUGA","UCUGA",0.615572206672458,0.0249052364136856,"No",0
"AUUGA","AUUGA",0.307786103336229,0.0039367778478409,"No",0
"GUUGA","GUUGA",0.5,0.0170316807180038,"No",0
"CUUGA","CUUGA",0.574349177498517,0.0220968465292075,"No",0
"UUUGA","UUUGA",0.574349177498517,0.0220968465292075,"No",0
"AAACA","AAACA",3.73213196614723,0.237226239461497,"Yes",0.237226239461497
"GAACA","GAACA",6.06286626604159,0.3960115291987,"Yes",0.3960115291987
"CAACA","CAACA",6.96440450636899,0.457430375056009,"Yes",0.457430375056009
"UAACA","UAACA",6.96440450636899,0.457430375056009,"Yes",0.457430375056009
"AGACA","AGACA",1.62450479271247,0.093640507099379,"No",0
"GGACA","GGACA",2.63901582154579,0.162755818811309,"Yes",0.162755818811309
"CGACA","CGACA",3.0314331330208,0.189489924240348,"Yes",0.189489924240348
"UGACA","UGACA",3.0314331330208,0.189489924240348,"Yes",0.189489924240348
"ACACA","ACACA",1.5157165665104,0.0862291217611723,"No",0
"GCACA","GCACA",2.46228882668983,0.150715987808754,"No",0
"CCACA","CCACA",2.82842712474619,0.17565979017327,"No",0
"UCACA","UCACA",2.82842712474619,0.17565979017327,"Yes",0.17565979017327
"AUACA","AUACA",1.41421356237309,0.0793140547276332,"No",0
"GUACA","GUACA",2.29739670999407,0.139482428270841,"No",0
"CUACA","CUACA",2.63901582154579,0.162755818811309,"Yes",0.162755818811309
"UUACA","UUACA",2.63901582154579,0.162755818811309,"No",0
"AAGCA","AAGCA",1.07177346253629,0.0559847329457863,"No",0
"GAGCA","GAGCA",1.74110112659225,0.1015838332255,"No",0
"CAGCA","CAGCA",2,0.119221765026026,"No",0
"UAGCA","UAGCA",2,0.119221765026026,"No",0
"AGGCA","AGGCA",0.466516495768404,0.0147505593044339,"No",0
"GGGCA","GGGCA",0.757858283255199,0.0345987205215843,"No",0
"CGGCA","CGGCA",0.870550563296124,0.0422760762537479,"No",0
"UGGCA","UGGCA",0.870550563296124,0.0422760762537479,"No",0
"ACGCA","ACGCA",0.435275281648062,0.0126221977678721,"No",0
"GCGCA","GCGCA",0.707106781186548,0.0311411870048147,"No",0
"CCGCA","CCGCA",0.812252396356236,0.0383044131906876,"No",0
"UCGCA","UCGCA",0.812252396356236,0.0383044131906876,"No",0
"AUGCA","AUGCA",0.406126198178118,0.0106363662363419,"No",0
"GUGCA","GUGCA",0.659753955386447,0.0279151941643245,"No",0
"CUGCA","CUGCA",0.757858283255199,0.0345987205215843,"No",0
"UUGCA","UUGCA",0.757858283255199,0.0345987205215843,"No",0
"AACCA","AACCA",0.707106781186547,0.0311411870048147,"No",0
"GACCA","GACCA",1.14869835499703,0.0612253737764188,"No",0
"CACCA","CACCA",1.31950791077289,0.0728620690466528,"No",0
"UACCA","UACCA",1.31950791077289,0.0728620690466528,"No",0
"AGCCA","AGCCA",0.307786103336229,0.0039367778478409,"No",0
"GGCCA","GGCCA",0.5,0.0170316807180038,"No",0
"CGCCA","CGCCA",0.574349177498518,0.0220968465292075,"No",0
"UGCCA","UGCCA",0.574349177498518,0.0220968465292075,"No",0
"ACCCA","ACCCA",0.287174588749259,0.00253258290560188,"No",0
"GCCCA","GCCCA",0.466516495768404,0.0147505593044339,"No",0
"CCCCA","CCCCA",0.535886731268147,0.0194765261138913,"No",0
"UCCCA","UCCCA",0.535886731268147,0.0194765261138913,"No",0
"AUCCA","AUCCA",0.267943365634073,0.00122242269794375,"No",0
"GUCCA","GUCCA",0.435275281648062,0.0126221977678721,"No",0
"CUCCA","CUCCA",0.5,0.0170316807180038,"No",0
"UUCCA","UUCCA",0.5,0.0170316807180038,"No",0
"AAUCA","AAUCA",0.812252396356235,0.0383044131906876,"No",0
"GAUCA","GAUCA",1.31950791077289,0.0728620690466528,"No",0
"CAUCA","CAUCA",1.5157165665104,0.0862291217611723,"No",0
"UAUCA","UAUCA",1.5157165665104,0.0862291217611723,"No",0
"AGUCA","AGUCA",0.353553390593274,0.00705475314340549,"No",0
"GGUCA","GGUCA",0.574349177498517,0.0220968465292075,"No",0
"CGUCA","CGUCA",0.659753955386447,0.0279151941643245,"No",0
"UGUCA","UGUCA",0.659753955386447,0.0279151941643245,"No",0
"ACUCA","ACUCA",0.329876977693224,0.00544175672316037,"No",0
"GCUCA","GCUCA",0.535886731268147,0.0194765261138913,"No",0
"CCUCA","CCUCA",0.615572206672458,0.0249052364136856,"No",0
"UCUCA","UCUCA",0.615572206672458,0.0249052364136856,"No",0
"AUUCA","AUUCA",0.307786103336229,0.0039367778478409,"No",0
"GUUCA","GUUCA",0.5,0.0170316807180038,"No",0
"CUUCA","CUUCA",0.574349177498517,0.0220968465292075,"No",0
"UUUCA","UUUCA",0.574349177498517,0.0220968465292075,"No",0
"AAAUA","AAAUA",3.73213196614723,0.237226239461497,"Yes",0.237226239461497
"GAAUA","GAAUA",6.06286626604159,0.3960115291987,"Yes",0.3960115291987
"CAAUA","CAAUA",6.96440450636899,0.457430375056009,"Yes",0.457430375056009
"UAAUA","UAAUA",6.96440450636899,0.457430375056009,"Yes",0.457430375056009
"AGAUA","AGAUA",1.62450479271247,0.093640507099379,"No",0
"GGAUA","GGAUA",2.63901582154579,0.162755818811309,"No",0
"CGAUA","CGAUA",3.0314331330208,0.189489924240348,"Yes",0.189489924240348
"UGAUA","UGAUA",3.0314331330208,0.189489924240348,"Yes",0.189489924240348
"ACAUA","ACAUA",1.5157165665104,0.0862291217611723,"No",0
"GCAUA","GCAUA",2.46228882668983,0.150715987808754,"No",0
"CCAUA","CCAUA",2.82842712474619,0.17565979017327,"Yes",0.17565979017327
"UCAUA","UCAUA",2.82842712474619,0.17565979017327,"No",0
"AUAUA","AUAUA",1.41421356237309,0.0793140547276332,"No",0
"GUAUA","GUAUA",2.29739670999407,0.139482428270841,"No",0
"CUAUA","CUAUA",2.63901582154579,0.162755818811309,"Yes",0.162755818811309
"UUAUA","UUAUA",2.63901582154579,0.162755818811309,"Yes",0.162755818811309
"AAGUA","AAGUA",1.07177346253629,0.0559847329457863,"No",0
"GAGUA","GAGUA",1.74110112659225,0.1015838332255,"No",0
"CAGUA","CAGUA",2,0.119221765026026,"Yes",0.119221765026026
"UAGUA","UAGUA",2,0.119221765026026,"No",0
"AGGUA","AGGUA",0.466516495768404,0.0147505593044339,"No",0
"GGGUA","GGGUA",0.757858283255199,0.0345987205215843,"No",0
"CGGUA","CGGUA",0.870550563296124,0.0422760762537479,"No",0
"UGGUA","UGGUA",0.870550563296124,0.0422760762537479,"No",0
"ACGUA","ACGUA",0.435275281648062,0.0126221977678721,"No",0
"GCGUA","GCGUA",0.707106781186548,0.0311411870048147,"No",0
"CCGUA","CCGUA",0.812252396356236,0.0383044131906876,"No",0
"UCGUA","UCGUA",0.812252396356236,0.0383044131906876,"No",0
"AUGUA","AUGUA",0.406126198178118,0.0106363662363419,"No",0
"GUGUA","GUGUA",0.659753955386447,0.0279151941643245,"No",0
"CUGUA","CUGUA",0.757858283255199,0.0345987205215843,"No",0
"UUGUA","UUGUA",0.757858283255199,0.0345987205215843,"No",0
"AACUA","AACUA",0.707106781186547,0.0311411870048147,"No",0
"GACUA","GACUA",1.14869835499703,0.0612253737764188,"No",0
"CACUA","CACUA",1.31950791077289,0.0728620690466528,"No",0
"UACUA","UACUA",1.31950791077289,0.0728620690466528,"No",0
"AGCUA","AGCUA",0.307786103336229,0.0039367778478409,"No",0
"GGCUA","GGCUA",0.5,0.0170316807180038,"No",0
"CGCUA","CGCUA",0.574349177498518,0.0220968465292075,"No",0
"UGCUA","UGCUA",0.574349177498518,0.0220968465292075,"No",0
"ACCUA","ACCUA",0.287174588749259,0.00253258290560188,"No",0
"GCCUA","GCCUA",0.466516495768404,0.0147505593044339,"No",0
"CCCUA","CCCUA",0.535886731268147,0.0194765261138913,"No",0
"UCCUA","UCCUA",0.535886731268147,0.0194765261138913,"No",0
"AUCUA","AUCUA",0.267943365634073,0.00122242269794375,"No",0
"GUCUA","GUCUA",0.435275281648062,0.0126221977678721,"No",0
"CUCUA","CUCUA",0.5,0.0170316807180038,"No",0
"UUCUA","UUCUA",0.5,0.0170316807180038,"No",0
"AAUUA","AAUUA",0.812252396356235,0.0383044131906876,"No",0
"GAUUA","GAUUA",1.31950791077289,0.0728620690466528,"No",0
"CAUUA","CAUUA",1.5157165665104,0.0862291217611723,"No",0
"UAUUA","UAUUA",1.5157165665104,0.0862291217611723,"No",0
"AGUUA","AGUUA",0.353553390593274,0.00705475314340549,"No",0
"GGUUA","GGUUA",0.574349177498517,0.0220968465292075,"No",0
"CGUUA","CGUUA",0.659753955386447,0.0279151941643245,"No",0
"UGUUA","UGUUA",0.659753955386447,0.0279151941643245,"No",0
"ACUUA","ACUUA",0.329876977693224,0.00544175672316037,"No",0
"GCUUA","GCUUA",0.535886731268147,0.0194765261138913,"No",0
"CCUUA","CCUUA",0.615572206672458,0.0249052364136856,"No",0
"UCUUA","UCUUA",0.615572206672458,0.0249052364136856,"No",0
"AUUUA","AUUUA",0.307786103336229,0.0039367778478409,"No",0
"GUUUA","GUUUA",0.5,0.0170316807180038,"No",0
"CUUUA","CUUUA",0.574349177498517,0.0220968465292075,"No",0
"UUUUA","UUUUA",0.574349177498517,0.0220968465292075,"No",0
"AAAAG","AAAAG",7.46426393229446,0.491484159640998,"Yes",0.491484159640998
"GAAAG","GAAAG",12.1257325320832,0.809054739115404,"Yes",0.809054739115404
"CAAAG","CAAAG",13.928809012738,0.931892430830022,"Yes",0.931892430830022
"UAAAG","UAAAG",13.928809012738,0.931892430830022,"Yes",0.931892430830022
"AGAAG","AGAAG",3.24900958542494,0.204312694916762,"Yes",0.204312694916762
"GGAAG","GGAAG",5.27803164309158,0.342543318340622,"No",0
"CGAAG","CGAAG",6.06286626604159,0.3960115291987,"No",0
"UGAAG","UGAAG",6.06286626604159,0.3960115291987,"No",0
"ACAAG","ACAAG",3.0314331330208,0.189489924240348,"Yes",0.189489924240348
"GCAAG","GCAAG",4.92457765337967,0.318463656335511,"Yes",0.318463656335511
"CCAAG","CCAAG",5.65685424949238,0.368351261064544,"Yes",0.368351261064544
"UCAAG","UCAAG",5.65685424949238,0.368351261064544,"No",0
"AUAAG","AUAAG",2.82842712474619,0.17565979017327,"No",0
"GUAAG","GUAAG",4.59479341998814,0.295996537259686,"Yes",0.295996537259686
"CUAAG","CUAAG",5.27803164309158,0.342543318340622,"Yes",0.342543318340622
"UUAAG","UUAAG",5.27803164309158,0.342543318340622,"Yes",0.342543318340622
"AAGAG","AAGAG",2.14354692507259,0.129001146609576,"Yes",0.129001146609576
"GAGAG","GAGAG",3.4822022531845,0.220199347169003,"Yes",0.220199347169003
"CAGAG","CAGAG",4,0.255475210770056,"Yes",0.255475210770056
"UAGAG","UAGAG",4,0.255475210770056,"Yes",0.255475210770056
"AGGAG","AGGAG",0.933032991536807,0.0465327993268715,"No",0
"GGGAG","GGGAG",1.5157165665104,0.0862291217611723,"No",0
"CGGAG","CGGAG",1.74110112659225,0.1015838332255,"No",0
"UGGAG","UGGAG",1.74110112659225,0.1015838332255,"No",0
"ACGAG","ACGAG",0.870550563296124,0.0422760762537479,"No",0
"GCGAG","GCGAG",1.4142135623731,0.0793140547276332,"No",0
"CCGAG","CCGAG",1.62450479271247,0.093640507099379,"No",0
"UCGAG","UCGAG",1.62450479271247,0.093640507099379,"Yes",0.093640507099379
"AUGAG","AUGAG",0.812252396356235,0.0383044131906876,"No",0
"GUGAG","GUGAG",1.31950791077289,0.0728620690466528,"No",0
"CUGAG","CUGAG",1.5157165665104,0.0862291217611723,"No",0
"UUGAG","UUGAG",1.5157165665104,0.0862291217611723,"No",0
"AACAG","AACAG",1.41421356237309,0.0793140547276332,"No",0
"GACAG","GACAG",2.29739670999407,0.139482428270841,"Yes",0.139482428270841
"CACAG","CACAG",2.63901582154579,0.162755818811309,"Yes",0.162755818811309
"UACAG","UACAG",2.63901582154579,0.162755818811309,"Yes",0.162755818811309
"AGCAG","AGCAG",0.615572206672458,0.0249052364136856,"No",0
"GGCAG","GGCAG",1,0.0510950421540113,"No",0
"CGCAG","CGCAG",1.14869835499704,0.0612253737764188,"No",0
"UGCAG","UGCAG",1.14869835499704,0.0612253737764188,"No",0
"ACCAG","ACCAG",0.574349177498518,0.0220968465292075,"No",0
"GCCAG","GCCAG",0.933032991536807,0.0465327993268715,"No",0
"CCCAG","CCCAG",1.07177346253629,0.0559847329457863,"No",0
"UCCAG","UCCAG",1.07177346253629,0.0559847329457863,"No",0
"AUCAG","AUCAG",0.535886731268147,0.0194765261138913,"No",0
"GUCAG","GUCAG",0.870550563296124,0.0422760762537479,"No",0
"CUCAG","CUCAG",1,0.0510950421540113,"No",0
"UUCAG","UUCAG",1,0.0510950421540113,"No",0
"AAUAG","AAUAG",1.62450479271247,0.093640507099379,"No",0
"GAUAG","GAUAG",2.63901582154579,0.162755818811309,"Yes",0.162755818811309
"CAUAG","CAUAG",3.0314331330208,0.189489924240348,"Yes",0.189489924240348
"UAUAG","UAUAG",3.0314331330208,0.189489924240348,"Yes",0.189489924240348
"AGUAG","AGUAG",0.707106781186547,0.0311411870048147,"No",0
"GGUAG","GGUAG",1.14869835499703,0.0612253737764188,"No",0
"CGUAG","CGUAG",1.31950791077289,0.0728620690466528,"No",0
"UGUAG","UGUAG",1.31950791077289,0.0728620690466528,"No",0
"ACUAG","ACUAG",0.659753955386447,0.0279151941643245,"No",0
"GCUAG","GCUAG",1.07177346253629,0.0559847329457863,"No",0
"CCUAG","CCUAG",1.23114441334492,0.0668421535453749,"No",0
"UCUAG","UCUAG",1.23114441334492,0.0668421535453749,"No",0
"AUUAG","AUUAG",0.615572206672458,0.0249052364136856,"No",0
"GUUAG","GUUAG",1,0.0510950421540113,"No",0
"CUUAG","CUUAG",1.14869835499703,0.0612253737764188,"No",0
"UUUAG","UUUAG",1.14869835499703,0.0612253737764188,"No",0
"AAAGG","AAAGG",3.4822022531845,0.220199347169003,"Yes",0.220199347169003
"GAAGG","GAAGG",5.65685424949238,0.368351261064544,"Yes",0.368351261064544
"CAAGG","CAAGG",6.49801917084988,0.425657070551527,"Yes",0.425657070551527
"UAAGG","UAAGG",6.49801917084988,0.425657070551527,"Yes",0.425657070551527
"AGAGG","AGAGG",1.5157165665104,0.0862291217611723,"No",0
"GGAGG","GGAGG",2.46228882668983,0.150715987808754,"No",0
"CGAGG","CGAGG",2.82842712474619,0.17565979017327,"No",0
"UGAGG","UGAGG",2.82842712474619,0.17565979017327,"No",0
"ACAGG","ACAGG",1.4142135623731,0.0793140547276332,"No",0
"GCAGG","GCAGG",2.29739670999407,0.139482428270841,"No",0
"CCAGG","CCAGG",2.63901582154579,0.162755818811309,"No",0
"UCAGG","UCAGG",2.63901582154579,0.162755818811309,"No",0
"AUAGG","AUAGG",1.31950791077289,0.0728620690466528,"No",0
"GUAGG","GUAGG",2.14354692507259,0.129001146609576,"No",0
"CUAGG","CUAGG",2.46228882668983,0.150715987808754,"No",0
"UUAGG","UUAGG",2.46228882668983,0.150715987808754,"No",0
"AAGGG","AAGGG",1,0.0510950421540113,"No",0
"GAGGG","GAGGG",1.62450479271247,0.093640507099379,"No",0
"CAGGG","CAGGG",1.86606598307362,0.110097279371747,"No",0
"UAGGG","UAGGG",1.86606598307362,0.110097279371747,"No",0
"AGGGG","AGGGG",0.435275281648062,0.0126221977678721,"No",0
"GGGGG","GGGGG",0.707106781186547,0.0311411870048147,"No",0
"CGGGG","CGGGG",0.812252396356236,0.0383044131906876,"No",0
"UGGGG","UGGGG",0.812252396356236,0.0383044131906876,"No",0
"ACGGG","ACGGG",0.406126198178118,0.0106363662363419,"No",0
"GCGGG","GCGGG",0.659753955386447,0.0279151941643245,"No",0
"CCGGG","CCGGG",0.757858283255199,0.0345987205215843,"No",0
"UCGGG","UCGGG",0.757858283255199,0.0345987205215843,"No",0
"AUGGG","AUGGG",0.378929141627599,0.00878351990179025,"No",0
"GUGGG","GUGGG",0.615572206672458,0.0249052364136856,"No",0
"CUGGG","CUGGG",0.707106781186548,0.0311411870048147,"No",0
"UUGGG","UUGGG",0.707106781186548,0.0311411870048147,"No",0
"AACGG","AACGG",0.659753955386447,0.0279151941643245,"No",0
"GACGG","GACGG",1.07177346253629,0.0559847329457863,"No",0
"CACGG","CACGG",1.23114441334492,0.0668421535453749,"No",0
"UACGG","UACGG",1.23114441334492,0.0668421535453749,"No",0
"AGCGG","AGCGG",0.287174588749259,0.00253258290560188,"No",0
"GGCGG","GGCGG",0.466516495768404,0.0147505593044339,"No",0
"CGCGG","CGCGG",0.535886731268147,0.0194765261138913,"No",0
"UGCGG","UGCGG",0.535886731268147,0.0194765261138913,"No",0
"ACCGG","ACCGG",0.267943365634073,0.00122242269794375,"No",0
"GCCGG","GCCGG",0.435275281648062,0.0126221977678721,"No",0
"CCCGG","CCCGG",0.5,0.0170316807180038,"No",0
"UCCGG","UCCGG",0.5,0.0170316807180038,"No",0
"AUCGG","AUCGG",0.25,0,"No",0
"GUCGG","GUCGG",0.406126198178118,0.0106363662363419,"No",0
"CUCGG","CUCGG",0.466516495768404,0.0147505593044339,"No",0
"UUCGG","UUCGG",0.466516495768404,0.0147505593044339,"No",0
"AAUGG","AAUGG",0.757858283255199,0.0345987205215843,"No",0
"GAUGG","GAUGG",1.23114441334492,0.0668421535453749,"No",0
"CAUGG","CAUGG",1.4142135623731,0.0793140547276332,"No",0
"UAUGG","UAUGG",1.4142135623731,0.0793140547276332,"No",0
"AGUGG","AGUGG",0.329876977693224,0.00544175672316037,"No",0
"GGUGG","GGUGG",0.535886731268147,0.0194765261138913,"No",0
"CGUGG","CGUGG",0.615572206672458,0.0249052364136856,"No",0
"UGUGG","UGUGG",0.615572206672458,0.0249052364136856,"No",0
"ACUGG","ACUGG",0.307786103336229,0.0039367778478409,"No",0
"GCUGG","GCUGG",0.5,0.0170316807180038,"No",0
"CCUGG","CCUGG",0.574349177498518,0.0220968465292075,"No",0
"UCUGG","UCUGG",0.574349177498518,0.0220968465292075,"No",0
"AUUGG","AUUGG",0.287174588749259,0.00253258290560188,"No",0
"GUUGG","GUUGG",0.466516495768404,0.0147505593044339,"No",0
"CUUGG","CUUGG",0.535886731268147,0.0194765261138913,"No",0
"UUUGG","UUUGG",0.535886731268147,0.0194765261138913,"No",0
"AAACG","AAACG",3.4822022531845,0.220199347169003,"Yes",0.220199347169003
"GAACG","GAACG",5.65685424949238,0.368351261064544,"Yes",0.368351261064544
"CAACG","CAACG",6.49801917084988,0.425657070551527,"Yes",0.425657070551527
"UAACG","UAACG",6.49801917084988,0.425657070551527,"Yes",0.425657070551527
"AGACG","AGACG",1.5157165665104,0.0862291217611723,"No",0
"GGACG","GGACG",2.46228882668983,0.150715987808754,"Yes",0.150715987808754
"CGACG","CGACG",2.82842712474619,0.17565979017327,"No",0
"UGACG","UGACG",2.82842712474619,0.17565979017327,"No",0
"ACACG","ACACG",1.4142135623731,0.0793140547276332,"No",0
"GCACG","GCACG",2.29739670999407,0.139482428270841,"No",0
"CCACG","CCACG",2.63901582154579,0.162755818811309,"No",0
"UCACG","UCACG",2.63901582154579,0.162755818811309,"No",0
"AUACG","AUACG",1.31950791077289,0.0728620690466528,"No",0
"GUACG","GUACG",2.14354692507259,0.129001146609576,"No",0
"CUACG","CUACG",2.46228882668983,0.150715987808754,"No",0
"UUACG","UUACG",2.46228882668983,0.150715987808754,"No",0
"AAGCG","AAGCG",1,0.0510950421540113,"No",0
"GAGCG","GAGCG",1.62450479271247,0.093640507099379,"No",0
"CAGCG","CAGCG",1.86606598307362,0.110097279371747,"No",0
"UAGCG","UAGCG",1.86606598307362,0.110097279371747,"No",0
"AGGCG","AGGCG",0.435275281648062,0.0126221977678721,"No",0
"GGGCG","GGGCG",0.707106781186547,0.0311411870048147,"No",0
"CGGCG","CGGCG",0.812252396356236,0.0383044131906876,"No",0
"UGGCG","UGGCG",0.812252396356236,0.0383044131906876,"No",0
"ACGCG","ACGCG",0.406126198178118,0.0106363662363419,"No",0
"GCGCG","GCGCG",0.659753955386447,0.0279151941643245,"No",0
"CCGCG","CCGCG",0.757858283255199,0.0345987205215843,"No",0
"UCGCG","UCGCG",0.757858283255199,0.0345987205215843,"No",0
"AUGCG","AUGCG",0.378929141627599,0.00878351990179025,"No",0
"GUGCG","GUGCG",0.615572206672458,0.0249052364136856,"No",0
"CUGCG","CUGCG",0.707106781186548,0.0311411870048147,"No",0
"UUGCG","UUGCG",0.707106781186548,0.0311411870048147,"No",0
"AACCG","AACCG",0.659753955386447,0.0279151941643245,"No",0
"GACCG","GACCG",1.07177346253629,0.0559847329457863,"No",0
"CACCG","CACCG",1.23114441334492,0.0668421535453749,"No",0
"UACCG","UACCG",1.23114441334492,0.0668421535453749,"No",0
"AGCCG","AGCCG",0.287174588749259,0.00253258290560188,"No",0
"GGCCG","GGCCG",0.466516495768404,0.0147505593044339,"No",0
"CGCCG","CGCCG",0.535886731268147,0.0194765261138913,"No",0
"UGCCG","UGCCG",0.535886731268147,0.0194765261138913,"No",0
"ACCCG","ACCCG",0.267943365634073,0.00122242269794375,"No",0
"GCCCG","GCCCG",0.435275281648062,0.0126221977678721,"No",0
"CCCCG","CCCCG",0.5,0.0170316807180038,"No",0
"UCCCG","UCCCG",0.5,0.0170316807180038,"No",0
"AUCCG","AUCCG",0.25,0,"No",0
"GUCCG","GUCCG",0.406126198178118,0.0106363662363419,"No",0
"CUCCG","CUCCG",0.466516495768404,0.0147505593044339,"No",0
"UUCCG","UUCCG",0.466516495768404,0.0147505593044339,"No",0
"AAUCG","AAUCG",0.757858283255199,0.0345987205215843,"No",0
"GAUCG","GAUCG",1.23114441334492,0.0668421535453749,"No",0
"CAUCG","CAUCG",1.4142135623731,0.0793140547276332,"No",0
"UAUCG","UAUCG",1.4142135623731,0.0793140547276332,"No",0
"AGUCG","AGUCG",0.329876977693224,0.00544175672316037,"No",0
"GGUCG","GGUCG",0.535886731268147,0.0194765261138913,"No",0
"CGUCG","CGUCG",0.615572206672458,0.0249052364136856,"No",0
"UGUCG","UGUCG",0.615572206672458,0.0249052364136856,"No",0
"ACUCG","ACUCG",0.307786103336229,0.0039367778478409,"No",0
"GCUCG","GCUCG",0.5,0.0170316807180038,"No",0
"CCUCG","CCUCG",0.574349177498518,0.0220968465292075,"No",0
"UCUCG","UCUCG",0.574349177498518,0.0220968465292075,"No",0
"AUUCG","AUUCG",0.287174588749259,0.00253258290560188,"No",0
"GUUCG","GUUCG",0.466516495768404,0.0147505593044339,"No",0
"CUUCG","CUUCG",0.535886731268147,0.0194765261138913,"No",0
"UUUCG","UUUCG",0.535886731268147,0.0194765261138913,"No",0
"AAAUG","AAAUG",3.4822022531845,0.220199347169003,"Yes",0.220199347169003
"GAAUG","GAAUG",5.65685424949238,0.368351261064544,"Yes",0.368351261064544
"CAAUG","CAAUG",6.49801917084988,0.425657070551527,"Yes",0.425657070551527
"UAAUG","UAAUG",6.49801917084988,0.425657070551527,"Yes",0.425657070551527
"AGAUG","AGAUG",1.5157165665104,0.0862291217611723,"No",0
"GGAUG","GGAUG",2.46228882668983,0.150715987808754,"No",0
"CGAUG","CGAUG",2.82842712474619,0.17565979017327,"No",0
"UGAUG","UGAUG",2.82842712474619,0.17565979017327,"No",0
"ACAUG","ACAUG",1.4142135623731,0.0793140547276332,"No",0
"GCAUG","GCAUG",2.29739670999407,0.139482428270841,"Yes",0.139482428270841
"CCAUG","CCAUG",2.63901582154579,0.162755818811309,"Yes",0.162755818811309
"UCAUG","UCAUG",2.63901582154579,0.162755818811309,"Yes",0.162755818811309
"AUAUG","AUAUG",1.31950791077289,0.0728620690466528,"No",0
"GUAUG","GUAUG",2.14354692507259,0.129001146609576,"No",0
"CUAUG","CUAUG",2.46228882668983,0.150715987808754,"Yes",0.150715987808754
"UUAUG","UUAUG",2.46228882668983,0.150715987808754,"No",0
"AAGUG","AAGUG",1,0.0510950421540113,"No",0
"GAGUG","GAGUG",1.62450479271247,0.093640507099379,"No",0
"CAGUG","CAGUG",1.86606598307362,0.110097279371747,"Yes",0.110097279371747
"UAGUG","UAGUG",1.86606598307362,0.110097279371747,"No",0
"AGGUG","AGGUG",0.435275281648062,0.0126221977678721,"No",0
"GGGUG","GGGUG",0.707106781186547,0.0311411870048147,"No",0
"CGGUG","CGGUG",0.812252396356236,0.0383044131906876,"No",0
"UGGUG","UGGUG",0.812252396356236,0.0383044131906876,"No",0
"ACGUG","ACGUG",0.406126198178118,0.0106363662363419,"No",0
"GCGUG","GCGUG",0.659753955386447,0.0279151941643245,"No",0
"CCGUG","CCGUG",0.757858283255199,0.0345987205215843,"No",0
"UCGUG","UCGUG",0.757858283255199,0.0345987205215843,"No",0
"AUGUG","AUGUG",0.378929141627599,0.00878351990179025,"No",0
"GUGUG","GUGUG",0.615572206672458,0.0249052364136856,"No",0
"CUGUG","CUGUG",0.707106781186548,0.0311411870048147,"No",0
"UUGUG","UUGUG",0.707106781186548,0.0311411870048147,"No",0
"AACUG","AACUG",0.659753955386447,0.0279151941643245,"No",0
"GACUG","GACUG",1.07177346253629,0.0559847329457863,"No",0
"CACUG","CACUG",1.23114441334492,0.0668421535453749,"No",0
"UACUG","UACUG",1.23114441334492,0.0668421535453749,"No",0
"AGCUG","AGCUG",0.287174588749259,0.00253258290560188,"No",0
"GGCUG","GGCUG",0.466516495768404,0.0147505593044339,"No",0
"CGCUG","CGCUG",0.535886731268147,0.0194765261138913,"No",0
"UGCUG","UGCUG",0.535886731268147,0.0194765261138913,"No",0
"ACCUG","ACCUG",0.267943365634073,0.00122242269794375,"No",0
"GCCUG","GCCUG",0.435275281648062,0.0126221977678721,"No",0
"CCCUG","CCCUG",0.5,0.0170316807180038,"No",0
"UCCUG","UCCUG",0.5,0.0170316807180038,"No",0
"AUCUG","AUCUG",0.25,0,"No",0
"GUCUG","GUCUG",0.406126198178118,0.0106363662363419,"No",0
"CUCUG","CUCUG",0.466516495768404,0.0147505593044339,"No",0
"UUCUG","UUCUG",0.466516495768404,0.0147505593044339,"No",0
"AAUUG","AAUUG",0.757858283255199,0.0345987205215843,"No",0
"GAUUG","GAUUG",1.23114441334492,0.0668421535453749,"No",0
"CAUUG","CAUUG",1.4142135623731,0.0793140547276332,"No",0
"UAUUG","UAUUG",1.4142135623731,0.0793140547276332,"No",0
"AGUUG","AGUUG",0.329876977693224,0.00544175672316037,"No",0
"GGUUG","GGUUG",0.535886731268147,0.0194765261138913,"No",0
"CGUUG","CGUUG",0.615572206672458,0.0249052364136856,"No",0
"UGUUG","UGUUG",0.615572206672458,0.0249052364136856,"No",0
"ACUUG","ACUUG",0.307786103336229,0.0039367778478409,"No",0
"GCUUG","GCUUG",0.5,0.0170316807180038,"No",0
"CCUUG","CCUUG",0.574349177498518,0.0220968465292075,"No",0
"UCUUG","UCUUG",0.574349177498518,0.0220968465292075,"No",0
"AUUUG","AUUUG",0.287174588749259,0.00253258290560188,"No",0
"GUUUG","GUUUG",0.466516495768404,0.0147505593044339,"No",0
"CUUUG","CUUUG",0.535886731268147,0.0194765261138913,"No",0
"UUUUG","UUUUG",0.535886731268147,0.0194765261138913,"No",0
"AAAAC","AAAAC",8,0.527982102258116,"Yes",0.527982102258116
"GAAAC","GAAAC",12.9960383416998,0.868345821821058,"Yes",0.868345821821058
"CAAAC","CAAAC",14.9285278645889,1,"Yes",1
"UAAAC","UAAAC",14.9285278645889,1,"Yes",1
"AGAAC","AGAAC",3.4822022531845,0.220199347169003,"Yes",0.220199347169003
"GGAAC","GGAAC",5.65685424949238,0.368351261064544,"Yes",0.368351261064544
"CGAAC","CGAAC",6.49801917084988,0.425657070551527,"Yes",0.425657070551527
"UGAAC","UGAAC",6.49801917084988,0.425657070551527,"Yes",0.425657070551527
"ACAAC","ACAAC",3.24900958542494,0.204312694916762,"Yes",0.204312694916762
"GCAAC","GCAAC",5.27803164309158,0.342543318340622,"Yes",0.342543318340622
"CCAAC","CCAAC",6.06286626604159,0.3960115291987,"Yes",0.3960115291987
"UCAAC","UCAAC",6.06286626604159,0.3960115291987,"Yes",0.3960115291987
"AUAAC","AUAAC",3.0314331330208,0.189489924240348,"No",0
"GUAAC","GUAAC",4.92457765337966,0.318463656335511,"Yes",0.318463656335511
"CUAAC","CUAAC",5.65685424949238,0.368351261064544,"Yes",0.368351261064544
"UUAAC","UUAAC",5.65685424949238,0.368351261064544,"Yes",0.368351261064544
"AAGAC","AAGAC",2.29739670999407,0.139482428270841,"Yes",0.139482428270841
"GAGAC","GAGAC",3.73213196614723,0.237226239461497,"Yes",0.237226239461497
"CAGAC","CAGAC",4.28709385014517,0.275033973937156,"Yes",0.275033973937156
"UAGAC","UAGAC",4.28709385014517,0.275033973937156,"Yes",0.275033973937156
"AGGAC","AGGAC",1,0.0510950421540113,"No",0
"GGGAC","GGGAC",1.62450479271247,0.093640507099379,"Yes",0.093640507099379
"CGGAC","CGGAC",1.86606598307362,0.110097279371747,"Yes",0.110097279371747
"UGGAC","UGGAC",1.86606598307362,0.110097279371747,"Yes",0.110097279371747
"ACGAC","ACGAC",0.933032991536808,0.0465327993268715,"No",0
"GCGAC","GCGAC",1.5157165665104,0.0862291217611723,"No",0
"CCGAC","CCGAC",1.74110112659225,0.1015838332255,"Yes",0.1015838332255
"UCGAC","UCGAC",1.74110112659225,0.1015838332255,"Yes",0.1015838332255
"AUGAC","AUGAC",0.870550563296124,0.0422760762537479,"No",0
"GUGAC","GUGAC",1.41421356237309,0.0793140547276332,"No",0
"CUGAC","CUGAC",1.62450479271247,0.093640507099379,"No",0
"UUGAC","UUGAC",1.62450479271247,0.093640507099379,"Yes",0.093640507099379
"AACAC","AACAC",1.5157165665104,0.0862291217611723,"No",0
"GACAC","GACAC",2.46228882668983,0.150715987808754,"Yes",0.150715987808754
"CACAC","CACAC",2.82842712474619,0.17565979017327,"No",0
"UACAC","UACAC",2.82842712474619,0.17565979017327,"Yes",0.17565979017327
"AGCAC","AGCAC",0.659753955386447,0.0279151941643245,"No",0
"GGCAC","GGCAC",1.07177346253629,0.0559847329457863,"No",0
"CGCAC","CGCAC",1.23114441334492,0.0668421535453749,"No",0
"UGCAC","UGCAC",1.23114441334492,0.0668421535453749,"No",0
"ACCAC","ACCAC",0.615572206672458,0.0249052364136856,"No",0
"GCCAC","GCCAC",1,0.0510950421540113,"No",0
"CCCAC","CCCAC",1.14869835499704,0.0612253737764188,"No",0
"UCCAC","UCCAC",1.14869835499704,0.0612253737764188,"No",0
"AUCAC","AUCAC",0.574349177498517,0.0220968465292075,"No",0
"GUCAC","GUCAC",0.933032991536807,0.0465327993268715,"No",0
"CUCAC","CUCAC",1.07177346253629,0.0559847329457863,"No",0
"UUCAC","UUCAC",1.07177346253629,0.0559847329457863,"No",0
"AAUAC","AAUAC",1.74110112659225,0.1015838332255,"No",0
"GAUAC","GAUAC",2.82842712474619,0.17565979017327,"Yes",0.17565979017327
"CAUAC","CAUAC",3.24900958542494,0.204312694916762,"Yes",0.204312694916762
"UAUAC","UAUAC",3.24900958542494,0.204312694916762,"Yes",0.204312694916762
"AGUAC","AGUAC",0.757858283255199,0.0345987205215843,"No",0
"GGUAC","GGUAC",1.23114441334492,0.0668421535453749,"No",0
"CGUAC","CGUAC",1.4142135623731,0.0793140547276332,"No",0
"UGUAC","UGUAC",1.4142135623731,0.0793140547276332,"No",0
"ACUAC","ACUAC",0.707106781186548,0.0311411870048147,"No",0
"GCUAC","GCUAC",1.14869835499704,0.0612253737764188,"No",0
"CCUAC","CCUAC",1.31950791077289,0.0728620690466528,"No",0
"UCUAC","UCUAC",1.31950791077289,0.0728620690466528,"No",0
"AUUAC","AUUAC",0.659753955386447,0.0279151941643245,"No",0
"GUUAC","GUUAC",1.07177346253629,0.0559847329457863,"No",0
"CUUAC","CUUAC",1.23114441334492,0.0668421535453749,"No",0
"UUUAC","UUUAC",1.23114441334492,0.0668421535453749,"No",0
"AAAGC","AAAGC",3.73213196614723,0.237226239461497,"Yes",0.237226239461497
"GAAGC","GAAGC",6.06286626604159,0.3960115291987,"Yes",0.3960115291987
"CAAGC","CAAGC",6.96440450636899,0.457430375056009,"Yes",0.457430375056009
"UAAGC","UAAGC",6.96440450636899,0.457430375056009,"Yes",0.457430375056009
"AGAGC","AGAGC",1.62450479271247,0.093640507099379,"No",0
"GGAGC","GGAGC",2.63901582154579,0.162755818811309,"Yes",0.162755818811309
"CGAGC","CGAGC",3.0314331330208,0.189489924240348,"Yes",0.189489924240348
"UGAGC","UGAGC",3.0314331330208,0.189489924240348,"Yes",0.189489924240348
"ACAGC","ACAGC",1.5157165665104,0.0862291217611723,"No",0
"GCAGC","GCAGC",2.46228882668983,0.150715987808754,"No",0
"CCAGC","CCAGC",2.82842712474619,0.17565979017327,"No",0
"UCAGC","UCAGC",2.82842712474619,0.17565979017327,"Yes",0.17565979017327
"AUAGC","AUAGC",1.41421356237309,0.0793140547276332,"No",0
"GUAGC","GUAGC",2.29739670999407,0.139482428270841,"No",0
"CUAGC","CUAGC",2.63901582154579,0.162755818811309,"No",0
"UUAGC","UUAGC",2.63901582154579,0.162755818811309,"No",0
"AAGGC","AAGGC",1.07177346253629,0.0559847329457863,"No",0
"GAGGC","GAGGC",1.74110112659225,0.1015838332255,"No",0
"CAGGC","CAGGC",2,0.119221765026026,"No",0
"UAGGC","UAGGC",2,0.119221765026026,"No",0
"AGGGC","AGGGC",0.466516495768404,0.0147505593044339,"No",0
"GGGGC","GGGGC",0.757858283255199,0.0345987205215843,"No",0
"CGGGC","CGGGC",0.870550563296124,0.0422760762537479,"No",0
"UGGGC","UGGGC",0.870550563296124,0.0422760762537479,"No",0
"ACGGC","ACGGC",0.435275281648062,0.0126221977678721,"No",0
"GCGGC","GCGGC",0.707106781186548,0.0311411870048147,"No",0
"CCGGC","CCGGC",0.812252396356236,0.0383044131906876,"No",0
"UCGGC","UCGGC",0.812252396356236,0.0383044131906876,"No",0
"AUGGC","AUGGC",0.406126198178118,0.0106363662363419,"No",0
"GUGGC","GUGGC",0.659753955386447,0.0279151941643245,"No",0
"CUGGC","CUGGC",0.757858283255199,0.0345987205215843,"No",0
"UUGGC","UUGGC",0.757858283255199,0.0345987205215843,"No",0
"AACGC","AACGC",0.707106781186547,0.0311411870048147,"No",0
"GACGC","GACGC",1.14869835499703,0.0612253737764188,"No",0
"CACGC","CACGC",1.31950791077289,0.0728620690466528,"No",0
"UACGC","UACGC",1.31950791077289,0.0728620690466528,"No",0
"AGCGC","AGCGC",0.307786103336229,0.0039367778478409,"No",0
"GGCGC","GGCGC",0.5,0.0170316807180038,"No",0
"CGCGC","CGCGC",0.574349177498518,0.0220968465292075,"No",0
"UGCGC","UGCGC",0.574349177498518,0.0220968465292075,"No",0
"ACCGC","ACCGC",0.287174588749259,0.00253258290560188,"No",0
"GCCGC","GCCGC",0.466516495768404,0.0147505593044339,"No",0
"CCCGC","CCCGC",0.535886731268147,0.0194765261138913,"No",0
"UCCGC","UCCGC",0.535886731268147,0.0194765261138913,"No",0
"AUCGC","AUCGC",0.267943365634073,0.00122242269794375,"No",0
"GUCGC","GUCGC",0.435275281648062,0.0126221977678721,"No",0
"CUCGC","CUCGC",0.5,0.0170316807180038,"No",0
"UUCGC","UUCGC",0.5,0.0170316807180038,"No",0
"AAUGC","AAUGC",0.812252396356235,0.0383044131906876,"No",0
"GAUGC","GAUGC",1.31950791077289,0.0728620690466528,"No",0
"CAUGC","CAUGC",1.5157165665104,0.0862291217611723,"No",0
"UAUGC","UAUGC",1.5157165665104,0.0862291217611723,"No",0
"AGUGC","AGUGC",0.353553390593274,0.00705475314340549,"No",0
"GGUGC","GGUGC",0.574349177498517,0.0220968465292075,"No",0
"CGUGC","CGUGC",0.659753955386447,0.0279151941643245,"No",0
"UGUGC","UGUGC",0.659753955386447,0.0279151941643245,"No",0
"ACUGC","ACUGC",0.329876977693224,0.00544175672316037,"No",0
"GCUGC","GCUGC",0.535886731268147,0.0194765261138913,"No",0
"CCUGC","CCUGC",0.615572206672458,0.0249052364136856,"No",0
"UCUGC","UCUGC",0.615572206672458,0.0249052364136856,"No",0
"AUUGC","AUUGC",0.307786103336229,0.0039367778478409,"No",0
"GUUGC","GUUGC",0.5,0.0170316807180038,"No",0
"CUUGC","CUUGC",0.574349177498517,0.0220968465292075,"No",0
"UUUGC","UUUGC",0.574349177498517,0.0220968465292075,"No",0
"AAACC","AAACC",3.73213196614723,0.237226239461497,"Yes",0.237226239461497
"GAACC","GAACC",6.06286626604159,0.3960115291987,"Yes",0.3960115291987
"CAACC","CAACC",6.96440450636899,0.457430375056009,"Yes",0.457430375056009
"UAACC","UAACC",6.96440450636899,0.457430375056009,"Yes",0.457430375056009
"AGACC","AGACC",1.62450479271247,0.093640507099379,"No",0
"GGACC","GGACC",2.63901582154579,0.162755818811309,"Yes",0.162755818811309
"CGACC","CGACC",3.0314331330208,0.189489924240348,"Yes",0.189489924240348
"UGACC","UGACC",3.0314331330208,0.189489924240348,"Yes",0.189489924240348
"ACACC","ACACC",1.5157165665104,0.0862291217611723,"No",0
"GCACC","GCACC",2.46228882668983,0.150715987808754,"No",0
"CCACC","CCACC",2.82842712474619,0.17565979017327,"No",0
"UCACC","UCACC",2.82842712474619,0.17565979017327,"No",0
"AUACC","AUACC",1.41421356237309,0.0793140547276332,"No",0
"GUACC","GUACC",2.29739670999407,0.139482428270841,"No",0
"CUACC","CUACC",2.63901582154579,0.162755818811309,"No",0
"UUACC","UUACC",2.63901582154579,0.162755818811309,"No",0
"AAGCC","AAGCC",1.07177346253629,0.0559847329457863,"No",0
"GAGCC","GAGCC",1.74110112659225,0.1015838332255,"No",0
"CAGCC","CAGCC",2,0.119221765026026,"No",0
"UAGCC","UAGCC",2,0.119221765026026,"No",0
"AGGCC","AGGCC",0.466516495768404,0.0147505593044339,"No",0
"GGGCC","GGGCC",0.757858283255199,0.0345987205215843,"No",0
"CGGCC","CGGCC",0.870550563296124,0.0422760762537479,"No",0
"UGGCC","UGGCC",0.870550563296124,0.0422760762537479,"No",0
"ACGCC","ACGCC",0.435275281648062,0.0126221977678721,"No",0
"GCGCC","GCGCC",0.707106781186548,0.0311411870048147,"No",0
"CCGCC","CCGCC",0.812252396356236,0.0383044131906876,"No",0
"UCGCC","UCGCC",0.812252396356236,0.0383044131906876,"No",0
"AUGCC","AUGCC",0.406126198178118,0.0106363662363419,"No",0
"GUGCC","GUGCC",0.659753955386447,0.0279151941643245,"No",0
"CUGCC","CUGCC",0.757858283255199,0.0345987205215843,"No",0
"UUGCC","UUGCC",0.757858283255199,0.0345987205215843,"No",0
"AACCC","AACCC",0.707106781186547,0.0311411870048147,"No",0
"GACCC","GACCC",1.14869835499703,0.0612253737764188,"No",0
"CACCC","CACCC",1.31950791077289,0.0728620690466528,"No",0
"UACCC","UACCC",1.31950791077289,0.0728620690466528,"No",0
"AGCCC","AGCCC",0.307786103336229,0.0039367778478409,"No",0
"GGCCC","GGCCC",0.5,0.0170316807180038,"No",0
"CGCCC","CGCCC",0.574349177498518,0.0220968465292075,"No",0
"UGCCC","UGCCC",0.574349177498518,0.0220968465292075,"No",0
"ACCCC","ACCCC",0.287174588749259,0.00253258290560188,"No",0
"GCCCC","GCCCC",0.466516495768404,0.0147505593044339,"No",0
"CCCCC","CCCCC",0.535886731268147,0.0194765261138913,"No",0
"UCCCC","UCCCC",0.535886731268147,0.0194765261138913,"No",0
"AUCCC","AUCCC",0.267943365634073,0.00122242269794375,"No",0
"GUCCC","GUCCC",0.435275281648062,0.0126221977678721,"No",0
"CUCCC","CUCCC",0.5,0.0170316807180038,"No",0
"UUCCC","UUCCC",0.5,0.0170316807180038,"No",0
"AAUCC","AAUCC",0.812252396356235,0.0383044131906876,"No",0
"GAUCC","GAUCC",1.31950791077289,0.0728620690466528,"No",0
"CAUCC","CAUCC",1.5157165665104,0.0862291217611723,"No",0
"UAUCC","UAUCC",1.5157165665104,0.0862291217611723,"No",0
"AGUCC","AGUCC",0.353553390593274,0.00705475314340549,"No",0
"GGUCC","GGUCC",0.574349177498517,0.0220968465292075,"No",0
"CGUCC","CGUCC",0.659753955386447,0.0279151941643245,"No",0
"UGUCC","UGUCC",0.659753955386447,0.0279151941643245,"No",0
"ACUCC","ACUCC",0.329876977693224,0.00544175672316037,"No",0
"GCUCC","GCUCC",0.535886731268147,0.0194765261138913,"No",0
"CCUCC","CCUCC",0.615572206672458,0.0249052364136856,"No",0
"UCUCC","UCUCC",0.615572206672458,0.0249052364136856,"No",0
"AUUCC","AUUCC",0.307786103336229,0.0039367778478409,"No",0
"GUUCC","GUUCC",0.5,0.0170316807180038,"No",0
"CUUCC","CUUCC",0.574349177498517,0.0220968465292075,"No",0
"UUUCC","UUUCC",0.574349177498517,0.0220968465292075,"No",0
"AAAUC","AAAUC",3.73213196614723,0.237226239461497,"Yes",0.237226239461497
"GAAUC","GAAUC",6.06286626604159,0.3960115291987,"Yes",0.3960115291987
"CAAUC","CAAUC",6.96440450636899,0.457430375056009,"Yes",0.457430375056009
"UAAUC","UAAUC",6.96440450636899,0.457430375056009,"Yes",0.457430375056009
"AGAUC","AGAUC",1.62450479271247,0.093640507099379,"No",0
"GGAUC","GGAUC",2.63901582154579,0.162755818811309,"Yes",0.162755818811309
"CGAUC","CGAUC",3.0314331330208,0.189489924240348,"Yes",0.189489924240348
"UGAUC","UGAUC",3.0314331330208,0.189489924240348,"Yes",0.189489924240348
"ACAUC","ACAUC",1.5157165665104,0.0862291217611723,"No",0
"GCAUC","GCAUC",2.46228882668983,0.150715987808754,"No",0
"CCAUC","CCAUC",2.82842712474619,0.17565979017327,"Yes",0.17565979017327
"UCAUC","UCAUC",2.82842712474619,0.17565979017327,"No",0
"AUAUC","AUAUC",1.41421356237309,0.0793140547276332,"No",0
"GUAUC","GUAUC",2.29739670999407,0.139482428270841,"No",0
"CUAUC","CUAUC",2.63901582154579,0.162755818811309,"Yes",0.162755818811309
"UUAUC","UUAUC",2.63901582154579,0.162755818811309,"No",0
"AAGUC","AAGUC",1.07177346253629,0.0559847329457863,"No",0
"GAGUC","GAGUC",1.74110112659225,0.1015838332255,"No",0
"CAGUC","CAGUC",2,0.119221765026026,"Yes",0.119221765026026
"UAGUC","UAGUC",2,0.119221765026026,"No",0
"AGGUC","AGGUC",0.466516495768404,0.0147505593044339,"No",0
"GGGUC","GGGUC",0.757858283255199,0.0345987205215843,"No",0
"CGGUC","CGGUC",0.870550563296124,0.0422760762537479,"No",0
"UGGUC","UGGUC",0.870550563296124,0.0422760762537479,"No",0
"ACGUC","ACGUC",0.435275281648062,0.0126221977678721,"No",0
"GCGUC","GCGUC",0.707106781186548,0.0311411870048147,"No",0
"CCGUC","CCGUC",0.812252396356236,0.0383044131906876,"No",0
"UCGUC","UCGUC",0.812252396356236,0.0383044131906876,"No",0
"AUGUC","AUGUC",0.406126198178118,0.0106363662363419,"No",0
"GUGUC","GUGUC",0.659753955386447,0.0279151941643245,"No",0
"CUGUC","CUGUC",0.757858283255199,0.0345987205215843,"No",0
"UUGUC","UUGUC",0.757858283255199,0.0345987205215843,"No",0
"AACUC","AACUC",0.707106781186547,0.0311411870048147,"No",0
"GACUC","GACUC",1.14869835499703,0.0612253737764188,"No",0
"CACUC","CACUC",1.31950791077289,0.0728620690466528,"No",0
"UACUC","UACUC",1.31950791077289,0.0728620690466528,"No",0
"AGCUC","AGCUC",0.307786103336229,0.0039367778478409,"No",0
"GGCUC","GGCUC",0.5,0.0170316807180038,"No",0
"CGCUC","CGCUC",0.574349177498518,0.0220968465292075,"No",0
"UGCUC","UGCUC",0.574349177498518,0.0220968465292075,"No",0
"ACCUC","ACCUC",0.287174588749259,0.00253258290560188,"No",0
"GCCUC","GCCUC",0.466516495768404,0.0147505593044339,"No",0
"CCCUC","CCCUC",0.535886731268147,0.0194765261138913,"No",0
"UCCUC","UCCUC",0.535886731268147,0.0194765261138913,"No",0
"AUCUC","AUCUC",0.267943365634073,0.00122242269794375,"No",0
"GUCUC","GUCUC",0.435275281648062,0.0126221977678721,"No",0
"CUCUC","CUCUC",0.5,0.0170316807180038,"No",0
"UUCUC","UUCUC",0.5,0.0170316807180038,"No",0
"AAUUC","AAUUC",0.812252396356235,0.0383044131906876,"No",0
"GAUUC","GAUUC",1.31950791077289,0.0728620690466528,"No",0
"CAUUC","CAUUC",1.5157165665104,0.0862291217611723,"No",0
"UAUUC","UAUUC",1.5157165665104,0.0862291217611723,"No",0
"AGUUC","AGUUC",0.353553390593274,0.00705475314340549,"No",0
"GGUUC","GGUUC",0.574349177498517,0.0220968465292075,"No",0
"CGUUC","CGUUC",0.659753955386447,0.0279151941643245,"No",0
"UGUUC","UGUUC",0.659753955386447,0.0279151941643245,"No",0
"ACUUC","ACUUC",0.329876977693224,0.00544175672316037,"No",0
"GCUUC","GCUUC",0.535886731268147,0.0194765261138913,"No",0
"CCUUC","CCUUC",0.615572206672458,0.0249052364136856,"No",0
"UCUUC","UCUUC",0.615572206672458,0.0249052364136856,"No",0
"AUUUC","AUUUC",0.307786103336229,0.0039367778478409,"No",0
"GUUUC","GUUUC",0.5,0.0170316807180038,"No",0
"CUUUC","CUUUC",0.574349177498517,0.0220968465292075,"No",0
"UUUUC","UUUUC",0.574349177498517,0.0220968465292075,"No",0
"AAAAU","AAAAU",8,0.527982102258116,"Yes",0.527982102258116
"GAAAU","GAAAU",12.9960383416998,0.868345821821058,"Yes",0.868345821821058
"CAAAU","CAAAU",14.9285278645889,1,"Yes",1
"UAAAU","UAAAU",14.9285278645889,1,"Yes",1
"AGAAU","AGAAU",3.4822022531845,0.220199347169003,"Yes",0.220199347169003
"GGAAU","GGAAU",5.65685424949238,0.368351261064544,"Yes",0.368351261064544
"CGAAU","CGAAU",6.49801917084988,0.425657070551527,"Yes",0.425657070551527
"UGAAU","UGAAU",6.49801917084988,0.425657070551527,"Yes",0.425657070551527
"ACAAU","ACAAU",3.24900958542494,0.204312694916762,"Yes",0.204312694916762
"GCAAU","GCAAU",5.27803164309158,0.342543318340622,"Yes",0.342543318340622
"CCAAU","CCAAU",6.06286626604159,0.3960115291987,"Yes",0.3960115291987
"UCAAU","UCAAU",6.06286626604159,0.3960115291987,"Yes",0.3960115291987
"AUAAU","AUAAU",3.0314331330208,0.189489924240348,"Yes",0.189489924240348
"GUAAU","GUAAU",4.92457765337966,0.318463656335511,"Yes",0.318463656335511
"CUAAU","CUAAU",5.65685424949238,0.368351261064544,"Yes",0.368351261064544
"UUAAU","UUAAU",5.65685424949238,0.368351261064544,"Yes",0.368351261064544
"AAGAU","AAGAU",2.29739670999407,0.139482428270841,"Yes",0.139482428270841
"GAGAU","GAGAU",3.73213196614723,0.237226239461497,"Yes",0.237226239461497
"CAGAU","CAGAU",4.28709385014517,0.275033973937156,"Yes",0.275033973937156
"UAGAU","UAGAU",4.28709385014517,0.275033973937156,"Yes",0.275033973937156
"AGGAU","AGGAU",1,0.0510950421540113,"No",0
"GGGAU","GGGAU",1.62450479271247,0.093640507099379,"Yes",0.093640507099379
"CGGAU","CGGAU",1.86606598307362,0.110097279371747,"Yes",0.110097279371747
"UGGAU","UGGAU",1.86606598307362,0.110097279371747,"Yes",0.110097279371747
"ACGAU","ACGAU",0.933032991536808,0.0465327993268715,"No",0
"GCGAU","GCGAU",1.5157165665104,0.0862291217611723,"No",0
"CCGAU","CCGAU",1.74110112659225,0.1015838332255,"Yes",0.1015838332255
"UCGAU","UCGAU",1.74110112659225,0.1015838332255,"Yes",0.1015838332255
"AUGAU","AUGAU",0.870550563296124,0.0422760762537479,"No",0
"GUGAU","GUGAU",1.41421356237309,0.0793140547276332,"No",0
"CUGAU","CUGAU",1.62450479271247,0.093640507099379,"No",0
"UUGAU","UUGAU",1.62450479271247,0.093640507099379,"Yes",0.093640507099379
"AACAU","AACAU",1.5157165665104,0.0862291217611723,"No",0
"GACAU","GACAU",2.46228882668983,0.150715987808754,"Yes",0.150715987808754
"CACAU","CACAU",2.82842712474619,0.17565979017327,"Yes",0.17565979017327
"UACAU","UACAU",2.82842712474619,0.17565979017327,"Yes",0.17565979017327
"AGCAU","AGCAU",0.659753955386447,0.0279151941643245,"No",0
"GGCAU","GGCAU",1.07177346253629,0.0559847329457863,"No",0
"CGCAU","CGCAU",1.23114441334492,0.0668421535453749,"No",0
"UGCAU","UGCAU",1.23114441334492,0.0668421535453749,"No",0
"ACCAU","ACCAU",0.615572206672458,0.0249052364136856,"No",0
"GCCAU","GCCAU",1,0.0510950421540113,"No",0
"CCCAU","CCCAU",1.14869835499704,0.0612253737764188,"No",0
"UCCAU","UCCAU",1.14869835499704,0.0612253737764188,"No",0
"AUCAU","AUCAU",0.574349177498517,0.0220968465292075,"No",0
"GUCAU","GUCAU",0.933032991536807,0.0465327993268715,"No",0
"CUCAU","CUCAU",1.07177346253629,0.0559847329457863,"No",0
"UUCAU","UUCAU",1.07177346253629,0.0559847329457863,"No",0
"AAUAU","AAUAU",1.74110112659225,0.1015838332255,"No",0
"GAUAU","GAUAU",2.82842712474619,0.17565979017327,"Yes",0.17565979017327
"CAUAU","CAUAU",3.24900958542494,0.204312694916762,"Yes",0.204312694916762
"UAUAU","UAUAU",3.24900958542494,0.204312694916762,"Yes",0.204312694916762
"AGUAU","AGUAU",0.757858283255199,0.0345987205215843,"No",0
"GGUAU","GGUAU",1.23114441334492,0.0668421535453749,"No",0
"CGUAU","CGUAU",1.4142135623731,0.0793140547276332,"No",0
"UGUAU","UGUAU",1.4142135623731,0.0793140547276332,"No",0
"ACUAU","ACUAU",0.707106781186548,0.0311411870048147,"No",0
"GCUAU","GCUAU",1.14869835499704,0.0612253737764188,"No",0
"CCUAU","CCUAU",1.31950791077289,0.0728620690466528,"No",0
"UCUAU","UCUAU",1.31950791077289,0.0728620690466528,"No",0
"AUUAU","AUUAU",0.659753955386447,0.0279151941643245,"No",0
"GUUAU","GUUAU",1.07177346253629,0.0559847329457863,"No",0
"CUUAU","CUUAU",1.23114441334492,0.0668421535453749,"No",0
"UUUAU","UUUAU",1.23114441334492,0.0668421535453749,"No",0
"AAAGU","AAAGU",3.73213196614723,0.237226239461497,"Yes",0.237226239461497
"GAAGU","GAAGU",6.06286626604159,0.3960115291987,"Yes",0.3960115291987
"CAAGU","CAAGU",6.96440450636899,0.457430375056009,"Yes",0.457430375056009
"UAAGU","UAAGU",6.96440450636899,0.457430375056009,"Yes",0.457430375056009
"AGAGU","AGAGU",1.62450479271247,0.093640507099379,"No",0
"GGAGU","GGAGU",2.63901582154579,0.162755818811309,"No",0
"CGAGU","CGAGU",3.0314331330208,0.189489924240348,"Yes",0.189489924240348
"UGAGU","UGAGU",3.0314331330208,0.189489924240348,"Yes",0.189489924240348
"ACAGU","ACAGU",1.5157165665104,0.0862291217611723,"No",0
"GCAGU","GCAGU",2.46228882668983,0.150715987808754,"Yes",0.150715987808754
"CCAGU","CCAGU",2.82842712474619,0.17565979017327,"Yes",0.17565979017327
"UCAGU","UCAGU",2.82842712474619,0.17565979017327,"Yes",0.17565979017327
"AUAGU","AUAGU",1.41421356237309,0.0793140547276332,"No",0
"GUAGU","GUAGU",2.29739670999407,0.139482428270841,"No",0
"CUAGU","CUAGU",2.63901582154579,0.162755818811309,"Yes",0.162755818811309
"UUAGU","UUAGU",2.63901582154579,0.162755818811309,"No",0
"AAGGU","AAGGU",1.07177346253629,0.0559847329457863,"No",0
"GAGGU","GAGGU",1.74110112659225,0.1015838332255,"No",0
"CAGGU","CAGGU",2,0.119221765026026,"No",0
"UAGGU","UAGGU",2,0.119221765026026,"No",0
"AGGGU","AGGGU",0.466516495768404,0.0147505593044339,"No",0
"GGGGU","GGGGU",0.757858283255199,0.0345987205215843,"No",0
"CGGGU","CGGGU",0.870550563296124,0.0422760762537479,"No",0
"UGGGU","UGGGU",0.870550563296124,0.0422760762537479,"No",0
"ACGGU","ACGGU",0.435275281648062,0.0126221977678721,"No",0
"GCGGU","GCGGU",0.707106781186548,0.0311411870048147,"No",0
"CCGGU","CCGGU",0.812252396356236,0.0383044131906876,"No",0
"UCGGU","UCGGU",0.812252396356236,0.0383044131906876,"No",0
"AUGGU","AUGGU",0.406126198178118,0.0106363662363419,"No",0
"GUGGU","GUGGU",0.659753955386447,0.0279151941643245,"No",0
"CUGGU","CUGGU",0.757858283255199,0.0345987205215843,"No",0
"UUGGU","UUGGU",0.757858283255199,0.0345987205215843,"No",0
"AACGU","AACGU",0.707106781186547,0.0311411870048147,"No",0
"GACGU","GACGU",1.14869835499703,0.0612253737764188,"No",0
"CACGU","CACGU",1.31950791077289,0.0728620690466528,"No",0
"UACGU","UACGU",1.31950791077289,0.0728620690466528,"No",0
"AGCGU","AGCGU",0.307786103336229,0.0039367778478409,"No",0
"GGCGU","GGCGU",0.5,0.0170316807180038,"No",0
"CGCGU","CGCGU",0.574349177498518,0.0220968465292075,"No",0
"UGCGU","UGCGU",0.574349177498518,0.0220968465292075,"No",0
"ACCGU","ACCGU",0.287174588749259,0.00253258290560188,"No",0
"GCCGU","GCCGU",0.466516495768404,0.0147505593044339,"No",0
"CCCGU","CCCGU",0.535886731268147,0.0194765261138913,"No",0
"UCCGU","UCCGU",0.535886731268147,0.0194765261138913,"No",0
"AUCGU","AUCGU",0.267943365634073,0.00122242269794375,"No",0
"GUCGU","GUCGU",0.435275281648062,0.0126221977678721,"No",0
"CUCGU","CUCGU",0.5,0.0170316807180038,"No",0
"UUCGU","UUCGU",0.5,0.0170316807180038,"No",0
"AAUGU","AAUGU",0.812252396356235,0.0383044131906876,"No",0
"GAUGU","GAUGU",1.31950791077289,0.0728620690466528,"No",0
"CAUGU","CAUGU",1.5157165665104,0.0862291217611723,"No",0
"UAUGU","UAUGU",1.5157165665104,0.0862291217611723,"No",0
"AGUGU","AGUGU",0.353553390593274,0.00705475314340549,"No",0
"GGUGU","GGUGU",0.574349177498517,0.0220968465292075,"No",0
"CGUGU","CGUGU",0.659753955386447,0.0279151941643245,"No",0
"UGUGU","UGUGU",0.659753955386447,0.0279151941643245,"No",0
"ACUGU","ACUGU",0.329876977693224,0.00544175672316037,"No",0
"GCUGU","GCUGU",0.535886731268147,0.0194765261138913,"No",0
"CCUGU","CCUGU",0.615572206672458,0.0249052364136856,"No",0
"UCUGU","UCUGU",0.615572206672458,0.0249052364136856,"No",0
"AUUGU","AUUGU",0.307786103336229,0.0039367778478409,"No",0
"GUUGU","GUUGU",0.5,0.0170316807180038,"No",0
"CUUGU","CUUGU",0.574349177498517,0.0220968465292075,"No",0
"UUUGU","UUUGU",0.574349177498517,0.0220968465292075,"No",0
"AAACU","AAACU",3.73213196614723,0.237226239461497,"Yes",0.237226239461497
"GAACU","GAACU",6.06286626604159,0.3960115291987,"Yes",0.3960115291987
"CAACU","CAACU",6.96440450636899,0.457430375056009,"Yes",0.457430375056009
"UAACU","UAACU",6.96440450636899,0.457430375056009,"Yes",0.457430375056009
"AGACU","AGACU",1.62450479271247,0.093640507099379,"No",0
"GGACU","GGACU",2.63901582154579,0.162755818811309,"Yes",0.162755818811309
"CGACU","CGACU",3.0314331330208,0.189489924240348,"Yes",0.189489924240348
"UGACU","UGACU",3.0314331330208,0.189489924240348,"Yes",0.189489924240348
"ACACU","ACACU",1.5157165665104,0.0862291217611723,"No",0
"GCACU","GCACU",2.46228882668983,0.150715987808754,"No",0
"CCACU","CCACU",2.82842712474619,0.17565979017327,"No",0
"UCACU","UCACU",2.82842712474619,0.17565979017327,"No",0
"AUACU","AUACU",1.41421356237309,0.0793140547276332,"No",0
"GUACU","GUACU",2.29739670999407,0.139482428270841,"No",0
"CUACU","CUACU",2.63901582154579,0.162755818811309,"No",0
"UUACU","UUACU",2.63901582154579,0.162755818811309,"No",0
"AAGCU","AAGCU",1.07177346253629,0.0559847329457863,"No",0
"GAGCU","GAGCU",1.74110112659225,0.1015838332255,"No",0
"CAGCU","CAGCU",2,0.119221765026026,"No",0
"UAGCU","UAGCU",2,0.119221765026026,"No",0
"AGGCU","AGGCU",0.466516495768404,0.0147505593044339,"No",0
"GGGCU","GGGCU",0.757858283255199,0.0345987205215843,"No",0
"CGGCU","CGGCU",0.870550563296124,0.0422760762537479,"No",0
"UGGCU","UGGCU",0.870550563296124,0.0422760762537479,"No",0
"ACGCU","ACGCU",0.435275281648062,0.0126221977678721,"No",0
"GCGCU","GCGCU",0.707106781186548,0.0311411870048147,"No",0
"CCGCU","CCGCU",0.812252396356236,0.0383044131906876,"No",0
"UCGCU","UCGCU",0.812252396356236,0.0383044131906876,"No",0
"AUGCU","AUGCU",0.406126198178118,0.0106363662363419,"No",0
"GUGCU","GUGCU",0.659753955386447,0.0279151941643245,"No",0
"CUGCU","CUGCU",0.757858283255199,0.0345987205215843,"No",0
"UUGCU","UUGCU",0.757858283255199,0.0345987205215843,"No",0
"AACCU","AACCU",0.707106781186547,0.0311411870048147,"No",0
"GACCU","GACCU",1.14869835499703,0.0612253737764188,"No",0
"CACCU","CACCU",1.31950791077289,0.0728620690466528,"No",0
"UACCU","UACCU",1.31950791077289,0.0728620690466528,"No",0
"AGCCU","AGCCU",0.307786103336229,0.0039367778478409,"No",0
"GGCCU","GGCCU",0.5,0.0170316807180038,"No",0
"CGCCU","CGCCU",0.574349177498518,0.0220968465292075,"No",0
"UGCCU","UGCCU",0.574349177498518,0.0220968465292075,"No",0
"ACCCU","ACCCU",0.287174588749259,0.00253258290560188,"No",0
"GCCCU","GCCCU",0.466516495768404,0.0147505593044339,"No",0
"CCCCU","CCCCU",0.535886731268147,0.0194765261138913,"No",0
"UCCCU","UCCCU",0.535886731268147,0.0194765261138913,"No",0
"AUCCU","AUCCU",0.267943365634073,0.00122242269794375,"No",0
"GUCCU","GUCCU",0.435275281648062,0.0126221977678721,"No",0
"CUCCU","CUCCU",0.5,0.0170316807180038,"No",0
"UUCCU","UUCCU",0.5,0.0170316807180038,"No",0
"AAUCU","AAUCU",0.812252396356235,0.0383044131906876,"No",0
"GAUCU","GAUCU",1.31950791077289,0.0728620690466528,"No",0
"CAUCU","CAUCU",1.5157165665104,0.0862291217611723,"No",0
"UAUCU","UAUCU",1.5157165665104,0.0862291217611723,"No",0
"AGUCU","AGUCU",0.353553390593274,0.00705475314340549,"No",0
"GGUCU","GGUCU",0.574349177498517,0.0220968465292075,"No",0
"CGUCU","CGUCU",0.659753955386447,0.0279151941643245,"No",0
"UGUCU","UGUCU",0.659753955386447,0.0279151941643245,"No",0
"ACUCU","ACUCU",0.329876977693224,0.00544175672316037,"No",0
"GCUCU","GCUCU",0.535886731268147,0.0194765261138913,"No",0
"CCUCU","CCUCU",0.615572206672458,0.0249052364136856,"No",0
"UCUCU","UCUCU",0.615572206672458,0.0249052364136856,"No",0
"AUUCU","AUUCU",0.307786103336229,0.0039367778478409,"No",0
"GUUCU","GUUCU",0.5,0.0170316807180038,"No",0
"CUUCU","CUUCU",0.574349177498517,0.0220968465292075,"No",0
"UUUCU","UUUCU",0.574349177498517,0.0220968465292075,"No",0
"AAAUU","AAAUU",3.73213196614723,0.237226239461497,"Yes",0.237226239461497
"GAAUU","GAAUU",6.06286626604159,0.3960115291987,"Yes",0.3960115291987
"CAAUU","CAAUU",6.96440450636899,0.457430375056009,"Yes",0.457430375056009
"UAAUU","UAAUU",6.96440450636899,0.457430375056009,"Yes",0.457430375056009
"AGAUU","AGAUU",1.62450479271247,0.093640507099379,"No",0
"GGAUU","GGAUU",2.63901582154579,0.162755818811309,"No",0
"CGAUU","CGAUU",3.0314331330208,0.189489924240348,"Yes",0.189489924240348
"UGAUU","UGAUU",3.0314331330208,0.189489924240348,"Yes",0.189489924240348
"ACAUU","ACAUU",1.5157165665104,0.0862291217611723,"No",0
"GCAUU","GCAUU",2.46228882668983,0.150715987808754,"No",0
"CCAUU","CCAUU",2.82842712474619,0.17565979017327,"Yes",0.17565979017327
"UCAUU","UCAUU",2.82842712474619,0.17565979017327,"No",0
"AUAUU","AUAUU",1.41421356237309,0.0793140547276332,"No",0
"GUAUU","GUAUU",2.29739670999407,0.139482428270841,"No",0
"CUAUU","CUAUU",2.63901582154579,0.162755818811309,"Yes",0.162755818811309
"UUAUU","UUAUU",2.63901582154579,0.162755818811309,"No",0
"AAGUU","AAGUU",1.07177346253629,0.0559847329457863,"No",0
"GAGUU","GAGUU",1.74110112659225,0.1015838332255,"No",0
"CAGUU","CAGUU",2,0.119221765026026,"Yes",0.119221765026026
"UAGUU","UAGUU",2,0.119221765026026,"No",0
"AGGUU","AGGUU",0.466516495768404,0.0147505593044339,"No",0
"GGGUU","GGGUU",0.757858283255199,0.0345987205215843,"No",0
"CGGUU","CGGUU",0.870550563296124,0.0422760762537479,"No",0
"UGGUU","UGGUU",0.870550563296124,0.0422760762537479,"No",0
"ACGUU","ACGUU",0.435275281648062,0.0126221977678721,"No",0
"GCGUU","GCGUU",0.707106781186548,0.0311411870048147,"No",0
"CCGUU","CCGUU",0.812252396356236,0.0383044131906876,"No",0
"UCGUU","UCGUU",0.812252396356236,0.0383044131906876,"No",0
"AUGUU","AUGUU",0.406126198178118,0.0106363662363419,"No",0
"GUGUU","GUGUU",0.659753955386447,0.0279151941643245,"No",0
"CUGUU","CUGUU",0.757858283255199,0.0345987205215843,"No",0
"UUGUU","UUGUU",0.757858283255199,0.0345987205215843,"No",0
"AACUU","AACUU",0.707106781186547,0.0311411870048147,"No",0
"GACUU","GACUU",1.14869835499703,0.0612253737764188,"No",0
"CACUU","CACUU",1.31950791077289,0.0728620690466528,"No",0
"UACUU","UACUU",1.31950791077289,0.0728620690466528,"No",0
"AGCUU","AGCUU",0.307786103336229,0.0039367778478409,"No",0
"GGCUU","GGCUU",0.5,0.0170316807180038,"No",0
"CGCUU","CGCUU",0.574349177498518,0.0220968465292075,"No",0
"UGCUU","UGCUU",0.574349177498518,0.0220968465292075,"No",0
"ACCUU","ACCUU",0.287174588749259,0.00253258290560188,"No",0
"GCCUU","GCCUU",0.466516495768404,0.0147505593044339,"No",0
"CCCUU","CCCUU",0.535886731268147,0.0194765261138913,"No",0
"UCCUU","UCCUU",0.535886731268147,0.0194765261138913,"No",0
"AUCUU","AUCUU",0.267943365634073,0.00122242269794375,"No",0
"GUCUU","GUCUU",0.435275281648062,0.0126221977678721,"No",0
"CUCUU","CUCUU",0.5,0.0170316807180038,"No",0
"UUCUU","UUCUU",0.5,0.0170316807180038,"No",0
"AAUUU","AAUUU",0.812252396356235,0.0383044131906876,"No",0
"GAUUU","GAUUU",1.31950791077289,0.0728620690466528,"No",0
"CAUUU","CAUUU",1.5157165665104,0.0862291217611723,"No",0
"UAUUU","UAUUU",1.5157165665104,0.0862291217611723,"No",0
"AGUUU","AGUUU",0.353553390593274,0.00705475314340549,"No",0
"GGUUU","GGUUU",0.574349177498517,0.0220968465292075,"No",0
"CGUUU","CGUUU",0.659753955386447,0.0279151941643245,"No",0
"UGUUU","UGUUU",0.659753955386447,0.0279151941643245,"No",0
"ACUUU","ACUUU",0.329876977693224,0.00544175672316037,"No",0
"GCUUU","GCUUU",0.535886731268147,0.0194765261138913,"No",0
"CCUUU","CCUUU",0.615572206672458,0.0249052364136856,"No",0
"UCUUU","UCUUU",0.615572206672458,0.0249052364136856,"No",0
"AUUUU","AUUUU",0.307786103336229,0.0039367778478409,"No",0
"GUUUU","GUUUU",0.5,0.0170316807180038,"No",0
"CUUUU","CUUUU",0.574349177498517,0.0220968465292075,"No",0
"UUUUU","UUUUU",0.574349177498517,0.0220968465292075,"No",0
